,Minimum,Average,Maximum,Std. Dev.,Std. Err.
Channel 1,0,148533.46,183865,27173.2,1558.49
Channel 2,0,9127.67,10517,1067.5,61.23
Channel 3,0,1153.55,1518,238.31,13.67
Channel 4,0,100.54,196,43.63,2.5
Channel 5,0,22.01,51,12.49,0.72
Channel 6,0,1.38,12,1.78,0.1

Record #,Location,Date & Time,Instrument Status,Sample Time,Laser Status,Ch1 Size (um),Ch1 Differential,Ch1 Alarm,Ch2 Size (um),Ch2 Differential,Ch2 Alarm,Ch3 Size (um),Ch3 Differential,Ch3 Alarm,Ch4 Size (um),Ch4 Differential,Ch4 Alarm,Ch5 Size (um),Ch5 Differential,Ch5 Alarm,Ch6 Size (um),Ch6 Differential,Ch6 Alarm,Flow Status,Volume(ft3),Temperature(°F),Humidity(%)
1,purge,10/3/2014 10:00:23 AM,(ok),00:02:00,OK,0.3,0,,0.5,0,,1,0,,3,0,,5,0,,10,0,,OK,0.20,N/A,0
2,purge,10/3/2014 10:04:54 AM,(ok),00:05:00,OK,0.3,0,,0.5,0,,1,0,,3,0,,5,0,,10,0,,OK,0.50,N/A,0
3,box,10/3/2014 10:13:27 AM,(ok),00:01:00,OK,0.3,141071,,0.5,9673,,1,1510,,2.5,154,,5,51,,10,6,,OK,0.10,N/A,0
4,box,10/3/2014 10:14:27 AM,(ok),00:01:00,OK,0.3,140160,,0.5,9465,,1,1465,,2.5,138,,5,32,,10,8,,OK,0.10,N/A,0
5,box,10/3/2014 10:15:27 AM,(ok),00:01:00,OK,0.3,145757,,0.5,9783,,1,1367,,2.5,132,,5,36,,10,12,,OK,0.10,N/A,0
6,box,10/3/2014 10:16:27 AM,(ok),00:01:00,OK,0.3,144350,,0.5,9526,,1,1370,,2.5,144,,5,51,,10,9,,OK,0.10,N/A,0
7,box,10/3/2014 10:17:27 AM,(ok),00:01:00,OK,0.3,145205,,0.5,9702,,1,1384,,2.5,145,,5,42,,10,3,,OK,0.10,N/A,0
8,box,10/3/2014 10:18:27 AM,(ok),00:01:00,OK,0.3,146291,,0.5,9612,,1,1399,,2.5,158,,5,49,,10,7,,OK,0.10,N/A,0
9,box,10/3/2014 10:19:27 AM,(ok),00:01:00,OK,0.3,146544,,0.5,9489,,1,1438,,2.5,142,,5,44,,10,7,,OK,0.10,N/A,0
10,box,10/3/2014 10:20:27 AM,(ok),00:01:00,OK,0.3,148849,,0.5,9639,,1,1389,,2.5,126,,5,41,,10,6,,OK,0.10,N/A,0
11,box,10/3/2014 10:21:27 AM,(ok),00:01:00,OK,0.3,147316,,0.5,9550,,1,1415,,2.5,133,,5,40,,10,4,,OK,0.10,N/A,0
12,box,10/3/2014 10:22:27 AM,(ok),00:01:00,OK,0.3,147434,,0.5,9572,,1,1382,,2.5,153,,5,50,,10,7,,OK,0.10,N/A,0
13,box,10/3/2014 10:23:27 AM,(ok),00:01:00,OK,0.3,146700,,0.5,9468,,1,1374,,2.5,142,,5,32,,10,4,,OK,0.10,N/A,0
14,box,10/3/2014 10:24:27 AM,(ok),00:01:00,OK,0.3,147674,,0.5,9353,,1,1379,,2.5,133,,5,37,,10,2,,OK,0.10,N/A,0
15,box,10/3/2014 10:25:27 AM,(ok),00:01:00,OK,0.3,147397,,0.5,9386,,1,1380,,2.5,134,,5,35,,10,7,,OK,0.10,N/A,0
16,box,10/3/2014 10:26:27 AM,(ok),00:01:00,OK,0.3,145027,,0.5,9367,,1,1355,,2.5,133,,5,33,,10,8,,OK,0.10,N/A,0
17,box,10/3/2014 10:27:27 AM,(ok),00:01:00,OK,0.3,148639,,0.5,9396,,1,1349,,2.5,130,,5,35,,10,4,,OK,0.10,N/A,0
18,box,10/3/2014 10:28:27 AM,(ok),00:01:00,OK,0.3,145908,,0.5,9304,,1,1311,,2.5,134,,5,27,,10,6,,OK,0.10,N/A,0
19,box,10/3/2014 10:29:27 AM,(ok),00:01:00,OK,0.3,150647,,0.5,9536,,1,1347,,2.5,132,,5,42,,10,4,,OK,0.10,N/A,0
20,box,10/3/2014 10:30:27 AM,(ok),00:01:00,OK,0.3,149774,,0.5,9447,,1,1327,,2.5,118,,5,30,,10,3,,OK,0.10,N/A,0
21,box,10/3/2014 10:31:27 AM,(ok),00:01:00,OK,0.3,145993,,0.5,9322,,1,1285,,2.5,106,,5,27,,10,5,,OK,0.10,N/A,0
22,box,10/3/2014 10:32:27 AM,(ok),00:01:00,OK,0.3,154110,,0.5,9486,,1,1277,,2.5,123,,5,31,,10,3,,OK,0.10,N/A,0
23,box,10/3/2014 10:33:27 AM,(ok),00:01:00,OK,0.3,161388,,0.5,9741,,1,1266,,2.5,110,,5,30,,10,3,,OK,0.10,N/A,0
24,box,10/3/2014 10:34:27 AM,(ok),00:01:00,OK,0.3,162428,,0.5,9732,,1,1235,,2.5,93,,5,32,,10,2,,OK,0.10,N/A,0
25,box,10/3/2014 10:35:27 AM,(ok),00:01:00,OK,0.3,164899,,0.5,9528,,1,1170,,2.5,99,,5,28,,10,0,,OK,0.10,N/A,0
26,box,10/3/2014 10:36:27 AM,(ok),00:01:00,OK,0.3,156186,,0.5,9526,,1,1212,,2.5,111,,5,48,,10,4,,OK,0.10,N/A,0
27,box,10/3/2014 10:37:27 AM,(ok),00:01:00,OK,0.3,150251,,0.5,9333,,1,1278,,2.5,140,,5,28,,10,1,,OK,0.10,N/A,0
28,box,10/3/2014 10:38:27 AM,(ok),00:01:00,OK,0.3,146723,,0.5,9226,,1,1217,,2.5,150,,5,38,,10,4,,OK,0.10,N/A,0
29,box,10/3/2014 10:39:27 AM,(ok),00:01:00,OK,0.3,152057,,0.5,9339,,1,1291,,2.5,124,,5,27,,10,2,,OK,0.10,N/A,0
30,box,10/3/2014 10:40:27 AM,(ok),00:01:00,OK,0.3,151986,,0.5,9384,,1,1305,,2.5,109,,5,34,,10,5,,OK,0.10,N/A,0
31,box,10/3/2014 10:41:27 AM,(ok),00:01:00,OK,0.3,155417,,0.5,9472,,1,1304,,2.5,124,,5,19,,10,4,,OK,0.10,N/A,0
32,box,10/3/2014 10:42:27 AM,(ok),00:01:00,OK,0.3,159354,,0.5,9632,,1,1279,,2.5,120,,5,28,,10,0,,OK,0.10,N/A,0
33,box,10/3/2014 10:43:27 AM,(ok),00:01:00,OK,0.3,153722,,0.5,9478,,1,1175,,2.5,120,,5,28,,10,5,,OK,0.10,N/A,0
34,box,10/3/2014 10:44:27 AM,(ok),00:01:00,OK,0.3,153012,,0.5,9495,,1,1249,,2.5,106,,5,22,,10,2,,OK,0.10,N/A,0
35,box,10/3/2014 10:45:27 AM,(ok),00:01:00,OK,0.3,170870,,0.5,9812,,1,1120,,2.5,86,,5,23,,10,1,,OK,0.10,N/A,0
36,box,10/3/2014 10:46:27 AM,(ok),00:01:00,OK,0.3,172079,,0.5,9856,,1,1134,,2.5,83,,5,27,,10,2,,OK,0.10,N/A,0
37,box,10/3/2014 10:47:27 AM,(ok),00:01:00,OK,0.3,170285,,0.5,9686,,1,1176,,2.5,79,,5,23,,10,0,,OK,0.10,N/A,0
38,box,10/3/2014 10:48:27 AM,(ok),00:01:00,OK,0.3,170188,,0.5,9835,,1,1147,,2.5,80,,5,24,,10,1,,OK,0.10,N/A,0
39,box,10/3/2014 10:49:27 AM,(ok),00:01:00,OK,0.3,167126,,0.5,9846,,1,1100,,2.5,100,,5,23,,10,2,,OK,0.10,N/A,0
40,box,10/3/2014 10:50:27 AM,(ok),00:01:00,OK,0.3,163973,,0.5,9651,,1,1181,,2.5,94,,5,26,,10,1,,OK,0.10,N/A,0
41,box,10/3/2014 10:51:27 AM,(ok),00:01:00,OK,0.3,175650,,0.5,10156,,1,1124,,2.5,102,,5,13,,10,0,,OK,0.10,N/A,0
42,box,10/3/2014 10:52:27 AM,(ok),00:01:00,OK,0.3,178010,,0.5,10021,,1,1021,,2.5,75,,5,15,,10,2,,OK,0.10,N/A,0
43,box,10/3/2014 10:53:27 AM,(ok),00:01:00,OK,0.3,183865,,0.5,10343,,1,1093,,2.5,84,,5,12,,10,2,,OK,0.10,N/A,0
44,box,10/3/2014 10:54:27 AM,(ok),00:01:00,OK,0.3,183742,,0.5,10517,,1,1049,,2.5,84,,5,15,,10,2,,OK,0.10,N/A,0
45,box,10/3/2014 10:55:27 AM,(ok),00:01:00,OK,0.3,182208,,0.5,10299,,1,1043,,2.5,78,,5,11,,10,1,,OK,0.10,N/A,0
46,box,10/3/2014 10:56:27 AM,(ok),00:01:00,OK,0.3,171973,,0.5,9861,,1,1083,,2.5,96,,5,17,,10,1,,OK,0.10,N/A,0
47,box,10/3/2014 10:57:27 AM,(ok),00:01:00,OK,0.3,160597,,0.5,9863,,1,1209,,2.5,88,,5,31,,10,1,,OK,0.10,N/A,0
48,box,10/3/2014 10:58:27 AM,(ok),00:01:00,OK,0.3,151597,,0.5,9499,,1,1256,,2.5,108,,5,27,,10,1,,OK,0.10,N/A,0
49,box,10/3/2014 10:59:27 AM,(ok),00:01:00,OK,0.3,155468,,0.5,9398,,1,1248,,2.5,98,,5,30,,10,1,,OK,0.10,N/A,0
50,box,10/3/2014 11:00:27 AM,(ok),00:01:00,OK,0.3,173244,,0.5,10084,,1,1080,,2.5,65,,5,18,,10,0,,OK,0.10,N/A,0
51,box,10/3/2014 11:01:27 AM,(ok),00:01:00,OK,0.3,177678,,0.5,10339,,1,1069,,2.5,70,,5,20,,10,1,,OK,0.10,N/A,0
52,box,10/3/2014 11:02:27 AM,(ok),00:01:00,OK,0.3,169234,,0.5,9915,,1,1133,,2.5,96,,5,23,,10,1,,OK,0.10,N/A,0
53,box,10/3/2014 11:03:27 AM,(ok),00:01:00,OK,0.3,166898,,0.5,9722,,1,1289,,2.5,101,,5,21,,10,2,,OK,0.10,N/A,0
54,box,10/3/2014 11:04:27 AM,(ok),00:01:00,OK,0.3,165466,,0.5,9610,,1,1216,,2.5,98,,5,20,,10,0,,OK,0.10,N/A,0
55,box,10/3/2014 11:05:27 AM,(ok),00:01:00,OK,0.3,172077,,0.5,9806,,1,1200,,2.5,91,,5,25,,10,2,,OK,0.10,N/A,0
56,box,10/3/2014 11:06:27 AM,(ok),00:01:00,OK,0.3,174079,,0.5,9883,,1,1090,,2.5,71,,5,8,,10,0,,OK,0.10,N/A,0
57,box,10/3/2014 11:07:27 AM,(ok),00:01:00,OK,0.3,170856,,0.5,9706,,1,1087,,2.5,108,,5,15,,10,2,,OK,0.10,N/A,0
58,box,10/3/2014 11:08:27 AM,(ok),00:01:00,OK,0.3,169036,,0.5,9761,,1,1139,,2.5,94,,5,8,,10,2,,OK,0.10,N/A,0
59,box,10/3/2014 11:09:27 AM,(ok),00:01:00,OK,0.3,169658,,0.5,9826,,1,1109,,2.5,79,,5,14,,10,2,,OK,0.10,N/A,0
60,box,10/3/2014 11:10:27 AM,(ok),00:01:00,OK,0.3,161614,,0.5,9707,,1,1232,,2.5,79,,5,14,,10,1,,OK,0.10,N/A,0
61,box,10/3/2014 11:11:27 AM,(ok),00:01:00,OK,0.3,160161,,0.5,9761,,1,1131,,2.5,85,,5,24,,10,2,,OK,0.10,N/A,0
62,box,10/3/2014 11:12:27 AM,(ok),00:01:00,OK,0.3,155083,,0.5,9634,,1,1132,,2.5,81,,5,19,,10,2,,OK,0.10,N/A,0
63,box,10/3/2014 11:13:27 AM,(ok),00:01:00,OK,0.3,151180,,0.5,9621,,1,1164,,2.5,95,,5,18,,10,0,,OK,0.10,N/A,0
64,box,10/3/2014 11:14:27 AM,(ok),00:01:00,OK,0.3,153440,,0.5,9399,,1,1094,,2.5,90,,5,23,,10,2,,OK,0.10,N/A,0
65,box,10/3/2014 11:15:27 AM,(ok),00:01:00,OK,0.3,152751,,0.5,9397,,1,1118,,2.5,87,,5,16,,10,0,,OK,0.10,N/A,0
66,box,10/3/2014 11:16:27 AM,(ok),00:01:00,OK,0.3,158727,,0.5,9598,,1,1092,,2.5,89,,5,11,,10,1,,OK,0.10,N/A,0
67,box,10/3/2014 11:17:27 AM,(ok),00:01:00,OK,0.3,160587,,0.5,9691,,1,1151,,2.5,89,,5,21,,10,1,,OK,0.10,N/A,0
68,box,10/3/2014 11:18:27 AM,(ok),00:01:00,OK,0.3,160985,,0.5,9628,,1,1106,,2.5,90,,5,26,,10,2,,OK,0.10,N/A,0
69,box,10/3/2014 11:19:27 AM,(ok),00:01:00,OK,0.3,161854,,0.5,9783,,1,1127,,2.5,90,,5,19,,10,0,,OK,0.10,N/A,0
70,box,10/3/2014 11:20:27 AM,(ok),00:01:00,OK,0.3,158793,,0.5,9435,,1,1217,,2.5,102,,5,21,,10,1,,OK,0.10,N/A,0
71,box,10/3/2014 11:21:27 AM,(ok),00:01:00,OK,0.3,159725,,0.5,9563,,1,1218,,2.5,100,,5,23,,10,0,,OK,0.10,N/A,0
72,box,10/3/2014 11:22:27 AM,(ok),00:01:00,OK,0.3,164409,,0.5,9724,,1,1145,,2.5,114,,5,20,,10,0,,OK,0.10,N/A,0
73,box,10/3/2014 11:23:27 AM,(ok),00:01:00,OK,0.3,162874,,0.5,9596,,1,1192,,2.5,109,,5,26,,10,0,,OK,0.10,N/A,0
74,box,10/3/2014 11:24:27 AM,(ok),00:01:00,OK,0.3,162369,,0.5,9429,,1,1249,,2.5,89,,5,20,,10,2,,OK,0.10,N/A,0
75,box,10/3/2014 11:25:27 AM,(ok),00:01:00,OK,0.3,163321,,0.5,9640,,1,1231,,2.5,88,,5,18,,10,0,,OK,0.10,N/A,0
76,box,10/3/2014 11:26:27 AM,(ok),00:01:00,OK,0.3,166489,,0.5,9714,,1,1204,,2.5,104,,5,24,,10,1,,OK,0.10,N/A,0
77,box,10/3/2014 11:27:27 AM,(ok),00:01:00,OK,0.3,168996,,0.5,9903,,1,1186,,2.5,110,,5,22,,10,1,,OK,0.10,N/A,0
78,box,10/3/2014 11:28:27 AM,(ok),00:01:00,OK,0.3,162490,,0.5,9642,,1,1228,,2.5,115,,5,27,,10,0,,OK,0.10,N/A,0
79,box,10/3/2014 11:29:27 AM,(ok),00:01:00,OK,0.3,162895,,0.5,9390,,1,1295,,2.5,108,,5,21,,10,0,,OK,0.10,N/A,0
80,box,10/3/2014 11:30:27 AM,(ok),00:01:00,OK,0.3,166612,,0.5,9621,,1,1185,,2.5,108,,5,15,,10,1,,OK,0.10,N/A,0
81,box,10/3/2014 11:31:27 AM,(ok),00:01:00,OK,0.3,162113,,0.5,9448,,1,1208,,2.5,125,,5,18,,10,2,,OK,0.10,N/A,0
82,box,10/3/2014 11:32:27 AM,(ok),00:01:00,OK,0.3,162872,,0.5,9629,,1,1289,,2.5,95,,5,20,,10,1,,OK,0.10,N/A,0
83,box,10/3/2014 11:33:27 AM,(ok),00:01:00,OK,0.3,163649,,0.5,9495,,1,1119,,2.5,89,,5,13,,10,1,,OK,0.10,N/A,0
84,box,10/3/2014 11:34:27 AM,(ok),00:01:00,OK,0.3,163249,,0.5,9451,,1,1159,,2.5,101,,5,19,,10,0,,OK,0.10,N/A,0
85,box,10/3/2014 11:35:27 AM,(ok),00:01:00,OK,0.3,159261,,0.5,9410,,1,1305,,2.5,100,,5,33,,10,1,,OK,0.10,N/A,0
86,box,10/3/2014 11:36:27 AM,(ok),00:01:00,OK,0.3,159075,,0.5,9579,,1,1302,,2.5,112,,5,12,,10,2,,OK,0.10,N/A,0
87,box,10/3/2014 11:37:27 AM,(ok),00:01:00,OK,0.3,164129,,0.5,9388,,1,1153,,2.5,80,,5,21,,10,1,,OK,0.10,N/A,0
88,box,10/3/2014 11:38:27 AM,(ok),00:01:00,OK,0.3,159210,,0.5,9560,,1,1274,,2.5,103,,5,27,,10,1,,OK,0.10,N/A,0
89,box,10/3/2014 11:39:27 AM,(ok),00:01:00,OK,0.3,156696,,0.5,9382,,1,1271,,2.5,116,,5,25,,10,4,,OK,0.10,N/A,0
90,box,10/3/2014 11:40:27 AM,(ok),00:01:00,OK,0.3,159689,,0.5,9493,,1,1192,,2.5,109,,5,26,,10,0,,OK,0.10,N/A,0
91,box,10/3/2014 11:41:27 AM,(ok),00:01:00,OK,0.3,158214,,0.5,9494,,1,1160,,2.5,104,,5,20,,10,1,,OK,0.10,N/A,0
92,box,10/3/2014 11:42:27 AM,(ok),00:01:00,OK,0.3,155393,,0.5,9393,,1,1228,,2.5,111,,5,11,,10,1,,OK,0.10,N/A,0
93,box,10/3/2014 11:43:27 AM,(ok),00:01:00,OK,0.3,153893,,0.5,9448,,1,1264,,2.5,138,,5,26,,10,1,,OK,0.10,N/A,0
94,box,10/3/2014 11:44:27 AM,(ok),00:01:00,OK,0.3,155145,,0.5,9491,,1,1285,,2.5,126,,5,27,,10,2,,OK,0.10,N/A,0
95,box,10/3/2014 11:45:27 AM,(ok),00:01:00,OK,0.3,155718,,0.5,9505,,1,1293,,2.5,113,,5,13,,10,0,,OK,0.10,N/A,0
96,box,10/3/2014 11:46:27 AM,(ok),00:01:00,OK,0.3,156036,,0.5,9256,,1,1290,,2.5,113,,5,21,,10,1,,OK,0.10,N/A,0
97,box,10/3/2014 11:47:27 AM,(ok),00:01:00,OK,0.3,156231,,0.5,9231,,1,1255,,2.5,121,,5,25,,10,1,,OK,0.10,N/A,0
98,box,10/3/2014 11:48:27 AM,(ok),00:01:00,OK,0.3,154725,,0.5,9224,,1,1250,,2.5,122,,5,19,,10,1,,OK,0.10,N/A,0
99,box,10/3/2014 11:49:27 AM,(ok),00:01:00,OK,0.3,154093,,0.5,9273,,1,1336,,2.5,115,,5,17,,10,0,,OK,0.10,N/A,0
100,box,10/3/2014 11:50:27 AM,(ok),00:01:00,OK,0.3,156088,,0.5,9345,,1,1300,,2.5,134,,5,24,,10,1,,OK,0.10,N/A,0
101,box,10/3/2014 11:51:27 AM,(ok),00:01:00,OK,0.3,155712,,0.5,9222,,1,1300,,2.5,102,,5,23,,10,0,,OK,0.10,N/A,0
102,box,10/3/2014 11:52:27 AM,(ok),00:01:00,OK,0.3,155818,,0.5,9255,,1,1259,,2.5,97,,5,25,,10,2,,OK,0.10,N/A,0
103,box,10/3/2014 11:53:27 AM,(ok),00:01:00,OK,0.3,162052,,0.5,9534,,1,1098,,2.5,71,,5,19,,10,0,,OK,0.10,N/A,0
104,box,10/3/2014 11:54:27 AM,(ok),00:01:00,OK,0.3,155579,,0.5,9026,,1,1230,,2.5,88,,5,22,,10,1,,OK,0.10,N/A,0
105,box,10/3/2014 11:55:27 AM,(ok),00:01:00,OK,0.3,157436,,0.5,9472,,1,1214,,2.5,77,,5,24,,10,1,,OK,0.10,N/A,0
106,box,10/3/2014 11:56:27 AM,(ok),00:01:00,OK,0.3,155062,,0.5,9237,,1,1256,,2.5,79,,5,21,,10,2,,OK,0.10,N/A,0
107,box,10/3/2014 11:57:27 AM,(ok),00:01:00,OK,0.3,154497,,0.5,9311,,1,1251,,2.5,87,,5,24,,10,1,,OK,0.10,N/A,0
108,box,10/3/2014 11:58:27 AM,(ok),00:01:00,OK,0.3,157202,,0.5,9395,,1,1255,,2.5,105,,5,23,,10,2,,OK,0.10,N/A,0
109,box,10/3/2014 11:59:27 AM,(ok),00:01:00,OK,0.3,152870,,0.5,9214,,1,1166,,2.5,92,,5,19,,10,0,,OK,0.10,N/A,0
110,box,10/3/2014 12:00:27 PM,(ok),00:01:00,OK,0.3,158547,,0.5,9224,,1,1208,,2.5,95,,5,24,,10,0,,OK,0.10,N/A,0
111,box,10/3/2014 12:01:27 PM,(ok),00:01:00,OK,0.3,162662,,0.5,9372,,1,1123,,2.5,90,,5,16,,10,0,,OK,0.10,N/A,0
112,box,10/3/2014 12:02:27 PM,(ok),00:01:00,OK,0.3,160252,,0.5,9361,,1,1156,,2.5,81,,5,16,,10,1,,OK,0.10,N/A,0
113,box,10/3/2014 12:03:27 PM,(ok),00:01:00,OK,0.3,159875,,0.5,9458,,1,1172,,2.5,73,,5,18,,10,0,,OK,0.10,N/A,0
114,box,10/3/2014 12:04:27 PM,(ok),00:01:00,OK,0.3,162077,,0.5,9359,,1,1117,,2.5,76,,5,17,,10,1,,OK,0.10,N/A,0
115,box,10/3/2014 12:05:27 PM,(ok),00:01:00,OK,0.3,160033,,0.5,9352,,1,1218,,2.5,101,,5,23,,10,2,,OK,0.10,N/A,0
116,box,10/3/2014 12:06:27 PM,(ok),00:01:00,OK,0.3,162157,,0.5,9503,,1,1151,,2.5,78,,5,19,,10,0,,OK,0.10,N/A,0
117,box,10/3/2014 12:07:27 PM,(ok),00:01:00,OK,0.3,164735,,0.5,9364,,1,1092,,2.5,69,,5,9,,10,0,,OK,0.10,N/A,0
118,box,10/3/2014 12:08:27 PM,(ok),00:01:00,OK,0.3,162828,,0.5,9460,,1,1157,,2.5,88,,5,31,,10,1,,OK,0.10,N/A,0
119,box,10/3/2014 12:09:27 PM,(ok),00:01:00,OK,0.3,167532,,0.5,9541,,1,1116,,2.5,70,,5,15,,10,1,,OK,0.10,N/A,0
120,box,10/3/2014 12:10:27 PM,(ok),00:01:00,OK,0.3,163735,,0.5,9590,,1,1158,,2.5,101,,5,20,,10,1,,OK,0.10,N/A,0
121,box,10/3/2014 12:11:27 PM,(ok),00:01:00,OK,0.3,159976,,0.5,9326,,1,1188,,2.5,84,,5,19,,10,0,,OK,0.10,N/A,0
122,box,10/3/2014 12:12:27 PM,(ok),00:01:00,OK,0.3,156496,,0.5,9176,,1,1159,,2.5,89,,5,18,,10,0,,OK,0.10,N/A,0
123,box,10/3/2014 12:13:27 PM,(ok),00:01:00,OK,0.3,166463,,0.5,9627,,1,1175,,2.5,83,,5,13,,10,1,,OK,0.10,N/A,0
124,box,10/3/2014 12:14:27 PM,(ok),00:01:00,OK,0.3,167120,,0.5,9486,,1,1166,,2.5,98,,5,19,,10,3,,OK,0.10,N/A,0
125,box,10/3/2014 12:15:27 PM,(ok),00:01:00,OK,0.3,171871,,0.5,9769,,1,1129,,2.5,101,,5,16,,10,1,,OK,0.10,N/A,0
126,box,10/3/2014 12:16:27 PM,(ok),00:01:00,OK,0.3,171251,,0.5,9550,,1,1089,,2.5,81,,5,12,,10,1,,OK,0.10,N/A,0
127,box,10/3/2014 12:17:27 PM,(ok),00:01:00,OK,0.3,171322,,0.5,9833,,1,1061,,2.5,77,,5,14,,10,1,,OK,0.10,N/A,0
128,box,10/3/2014 12:18:27 PM,(ok),00:01:00,OK,0.3,169771,,0.5,9614,,1,1075,,2.5,67,,5,14,,10,0,,OK,0.10,N/A,0
129,box,10/3/2014 12:19:27 PM,(ok),00:01:00,OK,0.3,171478,,0.5,9778,,1,1125,,2.5,76,,5,16,,10,0,,OK,0.10,N/A,0
130,box,10/3/2014 12:20:27 PM,(ok),00:01:00,OK,0.3,171551,,0.5,9706,,1,1085,,2.5,72,,5,15,,10,1,,OK,0.10,N/A,0
131,box,10/3/2014 12:21:27 PM,(ok),00:01:00,OK,0.3,171462,,0.5,9892,,1,1105,,2.5,78,,5,19,,10,0,,OK,0.10,N/A,0
132,box,10/3/2014 12:22:27 PM,(ok),00:01:00,OK,0.3,168975,,0.5,9638,,1,1030,,2.5,95,,5,14,,10,1,,OK,0.10,N/A,0
133,box,10/3/2014 12:23:27 PM,(ok),00:01:00,OK,0.3,166958,,0.5,9413,,1,994,,2.5,88,,5,14,,10,0,,OK,0.10,N/A,0
134,box,10/3/2014 12:24:27 PM,(ok),00:01:00,OK,0.3,169704,,0.5,9667,,1,963,,2.5,52,,5,14,,10,0,,OK,0.10,N/A,0
135,box,10/3/2014 12:25:27 PM,(ok),00:01:00,OK,0.3,171537,,0.5,9805,,1,1021,,2.5,67,,5,8,,10,1,,OK,0.10,N/A,0
136,box,10/3/2014 12:26:27 PM,(ok),00:01:00,OK,0.3,169808,,0.5,9589,,1,1030,,2.5,70,,5,13,,10,0,,OK,0.10,N/A,0
137,box,10/3/2014 12:27:27 PM,(ok),00:01:00,OK,0.3,167707,,0.5,9307,,1,989,,2.5,48,,5,12,,10,0,,OK,0.10,N/A,0
138,box,10/3/2014 12:28:27 PM,(ok),00:01:00,OK,0.3,168697,,0.5,9397,,1,1065,,2.5,57,,5,18,,10,0,,OK,0.10,N/A,0
139,box,10/3/2014 12:29:27 PM,(ok),00:01:00,OK,0.3,171175,,0.5,9370,,1,942,,2.5,57,,5,11,,10,0,,OK,0.10,N/A,0
140,box,10/3/2014 12:30:27 PM,(ok),00:01:00,OK,0.3,174342,,0.5,9796,,1,944,,2.5,59,,5,4,,10,1,,OK,0.10,N/A,0
141,box,10/3/2014 12:31:27 PM,(ok),00:01:00,OK,0.3,170356,,0.5,9353,,1,994,,2.5,47,,5,9,,10,0,,OK,0.10,N/A,0
142,box,10/3/2014 12:32:27 PM,(ok),00:01:00,OK,0.3,168269,,0.5,9333,,1,954,,2.5,60,,5,8,,10,2,,OK,0.10,N/A,0
143,box,10/3/2014 12:33:27 PM,(ok),00:01:00,OK,0.3,167506,,0.5,9532,,1,1041,,2.5,69,,5,7,,10,1,,OK,0.10,N/A,0
144,box,10/3/2014 12:34:27 PM,(ok),00:01:00,OK,0.3,171452,,0.5,9835,,1,1031,,2.5,67,,5,9,,10,0,,OK,0.10,N/A,0
145,box,10/3/2014 12:35:27 PM,(ok),00:01:00,OK,0.3,170075,,0.5,9686,,1,977,,2.5,53,,5,13,,10,0,,OK,0.10,N/A,0
146,box,10/3/2014 12:36:27 PM,(ok),00:01:00,OK,0.3,170252,,0.5,9387,,1,1001,,2.5,66,,5,15,,10,0,,OK,0.10,N/A,0
147,box,10/3/2014 12:37:27 PM,(ok),00:01:00,OK,0.3,167318,,0.5,9470,,1,922,,2.5,55,,5,12,,10,0,,OK,0.10,N/A,0
148,box,10/3/2014 12:38:27 PM,(ok),00:01:00,OK,0.3,170946,,0.5,9611,,1,962,,2.5,68,,5,5,,10,1,,OK,0.10,N/A,0
149,box,10/3/2014 12:39:27 PM,(ok),00:01:00,OK,0.3,170684,,0.5,9695,,1,980,,2.5,76,,5,10,,10,0,,OK,0.10,N/A,0
150,box,10/3/2014 12:40:27 PM,(ok),00:01:00,OK,0.3,171227,,0.5,9535,,1,997,,2.5,74,,5,12,,10,1,,OK,0.10,N/A,0
151,box,10/3/2014 12:41:27 PM,(ok),00:01:00,OK,0.3,172087,,0.5,9608,,1,932,,2.5,51,,5,11,,10,0,,OK,0.10,N/A,0
152,box,10/3/2014 12:42:27 PM,(ok),00:01:00,OK,0.3,172135,,0.5,9589,,1,907,,2.5,54,,5,3,,10,0,,OK,0.10,N/A,0
153,box,10/3/2014 12:43:27 PM,(ok),00:01:00,OK,0.3,171523,,0.5,9681,,1,997,,2.5,73,,5,12,,10,0,,OK,0.10,N/A,0
154,box,10/3/2014 12:44:27 PM,(ok),00:01:00,OK,0.3,167942,,0.5,9452,,1,975,,2.5,47,,5,8,,10,1,,OK,0.10,N/A,0
155,box,10/3/2014 12:45:27 PM,(ok),00:01:00,OK,0.3,169175,,0.5,9525,,1,994,,2.5,70,,5,11,,10,0,,OK,0.10,N/A,0
156,box,10/3/2014 12:46:27 PM,(ok),00:01:00,OK,0.3,169324,,0.5,9735,,1,947,,2.5,57,,5,6,,10,0,,OK,0.10,N/A,0
157,box,10/3/2014 12:47:27 PM,(ok),00:01:00,OK,0.3,168596,,0.5,9638,,1,937,,2.5,62,,5,9,,10,0,,OK,0.10,N/A,0
158,box,10/3/2014 12:48:27 PM,(ok),00:01:00,OK,0.3,170846,,0.5,9721,,1,946,,2.5,59,,5,7,,10,0,,OK,0.10,N/A,0
159,box,10/3/2014 12:49:27 PM,(ok),00:01:00,OK,0.3,170619,,0.5,9513,,1,832,,2.5,50,,5,11,,10,1,,OK,0.10,N/A,0
160,box,10/3/2014 12:50:27 PM,(ok),00:01:00,OK,0.3,173137,,0.5,9831,,1,879,,2.5,61,,5,9,,10,1,,OK,0.10,N/A,0
161,box,10/3/2014 12:51:27 PM,(ok),00:01:00,OK,0.3,169972,,0.5,9509,,1,807,,2.5,44,,5,10,,10,1,,OK,0.10,N/A,0
162,box,10/3/2014 12:52:27 PM,(ok),00:01:00,OK,0.3,165650,,0.5,9358,,1,901,,2.5,37,,5,10,,10,1,,OK,0.10,N/A,0
163,box,10/3/2014 12:53:27 PM,(ok),00:01:00,OK,0.3,169904,,0.5,9537,,1,836,,2.5,56,,5,6,,10,0,,OK,0.10,N/A,0
164,box,10/3/2014 12:54:27 PM,(ok),00:01:00,OK,0.3,168635,,0.5,9633,,1,950,,2.5,60,,5,6,,10,0,,OK,0.10,N/A,0
165,box,10/3/2014 12:55:27 PM,(ok),00:01:00,OK,0.3,166526,,0.5,9284,,1,901,,2.5,51,,5,7,,10,0,,OK,0.10,N/A,0
166,box,10/3/2014 12:56:27 PM,(ok),00:01:00,OK,0.3,170805,,0.5,9711,,1,836,,2.5,42,,5,7,,10,0,,OK,0.10,N/A,0
167,box,10/3/2014 12:57:27 PM,(ok),00:01:00,OK,0.3,173943,,0.5,9524,,1,928,,2.5,56,,5,11,,10,0,,OK,0.10,N/A,0
168,box,10/3/2014 12:58:27 PM,(ok),00:01:00,OK,0.3,168795,,0.5,9574,,1,807,,2.5,40,,5,6,,10,0,,OK,0.10,N/A,0
169,box,10/3/2014 12:59:27 PM,(ok),00:01:00,OK,0.3,172102,,0.5,9826,,1,874,,2.5,29,,5,9,,10,0,,OK,0.10,N/A,0
170,box,10/3/2014 1:00:27 PM,(ok),00:01:00,OK,0.3,170159,,0.5,9717,,1,810,,2.5,45,,5,8,,10,0,,OK,0.10,N/A,0
171,box,10/3/2014 1:01:27 PM,(ok),00:01:00,OK,0.3,171795,,0.5,9708,,1,889,,2.5,49,,5,7,,10,0,,OK,0.10,N/A,0
172,box,10/3/2014 1:02:27 PM,(ok),00:01:00,OK,0.3,172960,,0.5,9817,,1,800,,2.5,36,,5,4,,10,0,,OK,0.10,N/A,0
173,box,10/3/2014 1:03:27 PM,(ok),00:01:00,OK,0.3,172821,,0.5,9739,,1,866,,2.5,56,,5,5,,10,0,,OK,0.10,N/A,0
174,box,10/3/2014 1:04:27 PM,(ok),00:01:00,OK,0.3,171275,,0.5,9908,,1,833,,2.5,34,,5,9,,10,0,,OK,0.10,N/A,0
175,box,10/3/2014 1:05:27 PM,(ok),00:01:00,OK,0.3,173360,,0.5,9921,,1,869,,2.5,47,,5,9,,10,1,,OK,0.10,N/A,0
176,box,10/3/2014 1:06:27 PM,(ok),00:01:00,OK,0.3,171236,,0.5,9811,,1,823,,2.5,37,,5,7,,10,0,,OK,0.10,N/A,0
177,box,10/3/2014 1:07:27 PM,(ok),00:01:00,OK,0.3,169865,,0.5,9703,,1,740,,2.5,45,,5,9,,10,0,,OK,0.10,N/A,0
178,box,10/3/2014 1:08:27 PM,(ok),00:01:00,OK,0.3,171754,,0.5,9684,,1,831,,2.5,58,,5,4,,10,1,,OK,0.10,N/A,0
179,box,10/3/2014 1:09:27 PM,(ok),00:01:00,OK,0.3,170946,,0.5,9968,,1,813,,2.5,34,,5,7,,10,0,,OK,0.10,N/A,0
180,box,10/3/2014 1:10:27 PM,(ok),00:01:00,OK,0.3,170452,,0.5,9943,,1,818,,2.5,49,,5,14,,10,0,,OK,0.10,N/A,0
181,box,10/3/2014 1:11:27 PM,(ok),00:01:00,OK,0.3,174168,,0.5,10059,,1,819,,2.5,50,,5,9,,10,0,,OK,0.10,N/A,0
182,box,10/3/2014 1:12:27 PM,(ok),00:01:00,OK,0.3,174496,,0.5,10055,,1,765,,2.5,36,,5,6,,10,0,,OK,0.10,N/A,0
183,box,10/3/2014 1:13:27 PM,(ok),00:01:00,OK,0.3,172360,,0.5,10044,,1,795,,2.5,39,,5,7,,10,0,,OK,0.10,N/A,0
184,box,10/3/2014 1:14:27 PM,(ok),00:01:00,OK,0.3,173301,,0.5,9926,,1,798,,2.5,32,,5,1,,10,0,,OK,0.10,N/A,0
185,box,10/3/2014 1:15:27 PM,(ok),00:01:00,OK,0.3,172647,,0.5,9945,,1,793,,2.5,25,,5,4,,10,0,,OK,0.10,N/A,0
186,box,10/3/2014 1:16:27 PM,(ok),00:01:00,OK,0.3,173842,,0.5,9820,,1,804,,2.5,27,,5,6,,10,0,,OK,0.10,N/A,0
187,box,10/3/2014 1:17:27 PM,(ok),00:01:00,OK,0.3,172034,,0.5,10176,,1,753,,2.5,36,,5,6,,10,0,,OK,0.10,N/A,0
188,box,10/3/2014 1:18:27 PM,(ok),00:01:00,OK,0.3,170934,,0.5,9797,,1,755,,2.5,34,,5,2,,10,0,,OK,0.10,N/A,0
189,box,10/3/2014 1:19:27 PM,(ok),00:01:00,OK,0.3,169722,,0.5,9888,,1,745,,2.5,23,,5,6,,10,0,,OK,0.10,N/A,0
190,box,10/3/2014 1:20:27 PM,(ok),00:01:00,OK,0.3,170440,,0.5,9763,,1,733,,2.5,32,,5,2,,10,0,,OK,0.10,N/A,0
191,box,10/3/2014 1:21:27 PM,(ok),00:01:00,OK,0.3,172548,,0.5,9901,,1,756,,2.5,39,,5,3,,10,0,,OK,0.10,N/A,0
192,box,10/3/2014 1:22:27 PM,(ok),00:01:00,OK,0.3,173299,,0.5,9866,,1,853,,2.5,44,,5,8,,10,0,,OK,0.10,N/A,0
193,box,10/3/2014 1:23:27 PM,(ok),00:01:00,OK,0.3,171581,,0.5,9840,,1,746,,2.5,51,,5,5,,10,1,,OK,0.10,N/A,0
194,box,10/3/2014 1:24:27 PM,(ok),00:01:00,OK,0.3,170097,,0.5,9702,,1,767,,2.5,37,,5,3,,10,0,,OK,0.10,N/A,0
195,box,10/3/2014 1:25:27 PM,(ok),00:01:00,OK,0.3,171284,,0.5,9888,,1,752,,2.5,33,,5,5,,10,0,,OK,0.10,N/A,0
196,box,10/3/2014 1:26:27 PM,(ok),00:01:00,OK,0.3,172067,,0.5,10047,,1,762,,2.5,45,,5,8,,10,0,,OK,0.10,N/A,0
197,box,10/3/2014 1:27:27 PM,(ok),00:01:00,OK,0.3,171462,,0.5,9794,,1,794,,2.5,34,,5,3,,10,0,,OK,0.10,N/A,0
198,box,10/3/2014 1:28:27 PM,(ok),00:01:00,OK,0.3,169103,,0.5,9912,,1,717,,2.5,38,,5,5,,10,0,,OK,0.10,N/A,0
199,box,10/3/2014 1:29:27 PM,(ok),00:01:00,OK,0.3,171278,,0.5,10011,,1,721,,2.5,36,,5,4,,10,1,,OK,0.10,N/A,0
200,box,10/3/2014 1:30:27 PM,(ok),00:01:00,OK,0.3,171838,,0.5,9838,,1,711,,2.5,33,,5,4,,10,0,,OK,0.10,N/A,0
201,box,10/3/2014 1:31:27 PM,(ok),00:01:00,OK,0.3,171812,,0.5,9991,,1,776,,2.5,46,,5,12,,10,0,,OK,0.10,N/A,0
202,box,10/3/2014 1:32:27 PM,(ok),00:01:00,OK,0.3,172827,,0.5,9793,,1,761,,2.5,43,,5,9,,10,0,,OK,0.10,N/A,0
203,box,10/3/2014 1:33:27 PM,(ok),00:01:00,OK,0.3,171316,,0.5,9861,,1,741,,2.5,39,,5,3,,10,0,,OK,0.10,N/A,0
204,box,10/3/2014 1:34:27 PM,(ok),00:01:00,OK,0.3,171236,,0.5,9775,,1,779,,2.5,39,,5,8,,10,0,,OK,0.10,N/A,0
205,box,10/3/2014 1:35:27 PM,(ok),00:01:00,OK,0.3,170880,,0.5,9910,,1,746,,2.5,23,,5,3,,10,0,,OK,0.10,N/A,0
206,box,10/3/2014 1:36:27 PM,(ok),00:01:00,OK,0.3,170311,,0.5,9745,,1,713,,2.5,30,,5,7,,10,0,,OK,0.10,N/A,0
207,box,10/3/2014 1:37:27 PM,(ok),00:01:00,OK,0.3,161468,,0.5,9400,,1,805,,2.5,47,,5,5,,10,0,,OK,0.10,N/A,0
208,box,10/3/2014 1:38:27 PM,(ok),00:01:00,OK,0.3,160107,,0.5,9424,,1,878,,2.5,63,,5,11,,10,0,,OK,0.10,N/A,0
209,box,10/3/2014 1:39:27 PM,(ok),00:01:00,OK,0.3,158170,,0.5,9542,,1,842,,2.5,64,,5,11,,10,0,,OK,0.10,N/A,0
210,box,10/3/2014 1:40:27 PM,(ok),00:01:00,OK,0.3,155421,,0.5,9472,,1,936,,2.5,45,,5,8,,10,1,,OK,0.10,N/A,0
211,box,10/3/2014 1:41:27 PM,(ok),00:01:00,OK,0.3,152957,,0.5,9510,,1,937,,2.5,73,,5,13,,10,0,,OK,0.10,N/A,0
212,box,10/3/2014 1:42:27 PM,(ok),00:01:00,OK,0.3,151019,,0.5,9403,,1,980,,2.5,71,,5,14,,10,0,,OK,0.10,N/A,0
213,box,10/3/2014 1:43:27 PM,(ok),00:01:00,OK,0.3,150428,,0.5,9275,,1,1026,,2.5,67,,5,15,,10,2,,OK,0.10,N/A,0
214,box,10/3/2014 1:44:27 PM,(ok),00:01:00,OK,0.3,152151,,0.5,9468,,1,987,,2.5,71,,5,14,,10,1,,OK,0.10,N/A,0
215,box,10/3/2014 1:45:27 PM,(ok),00:01:00,OK,0.3,144121,,0.5,9134,,1,1044,,2.5,96,,5,20,,10,1,,OK,0.10,N/A,0
216,box,10/3/2014 1:46:27 PM,(ok),00:01:00,OK,0.3,141198,,0.5,9063,,1,1046,,2.5,76,,5,17,,10,2,,OK,0.10,N/A,0
217,box,10/3/2014 1:47:27 PM,(ok),00:01:00,OK,0.3,138775,,0.5,9004,,1,1054,,2.5,98,,5,15,,10,1,,OK,0.10,N/A,0
218,box,10/3/2014 1:48:27 PM,(ok),00:01:00,OK,0.3,148200,,0.5,9070,,1,899,,2.5,72,,5,8,,10,0,,OK,0.10,N/A,0
219,box,10/3/2014 1:49:27 PM,(ok),00:01:00,OK,0.3,140433,,0.5,9049,,1,1092,,2.5,91,,5,16,,10,1,,OK,0.10,N/A,0
220,box,10/3/2014 1:50:27 PM,(ok),00:01:00,OK,0.3,142731,,0.5,9193,,1,1007,,2.5,75,,5,14,,10,0,,OK,0.10,N/A,0
221,box,10/3/2014 1:51:27 PM,(ok),00:01:00,OK,0.3,141855,,0.5,9083,,1,1079,,2.5,109,,5,17,,10,0,,OK,0.10,N/A,0
222,box,10/3/2014 1:52:27 PM,(ok),00:01:00,OK,0.3,141984,,0.5,9003,,1,1094,,2.5,109,,5,25,,10,0,,OK,0.10,N/A,0
223,box,10/3/2014 1:53:27 PM,(ok),00:01:00,OK,0.3,143836,,0.5,9092,,1,1114,,2.5,88,,5,20,,10,0,,OK,0.10,N/A,0
224,box,10/3/2014 1:54:27 PM,(ok),00:01:00,OK,0.3,137156,,0.5,9082,,1,1165,,2.5,102,,5,18,,10,0,,OK,0.10,N/A,0
225,box,10/3/2014 1:55:27 PM,(ok),00:01:00,OK,0.3,145436,,0.5,9036,,1,1048,,2.5,90,,5,12,,10,0,,OK,0.10,N/A,0
226,box,10/3/2014 1:56:27 PM,(ok),00:01:00,OK,0.3,143757,,0.5,9134,,1,1070,,2.5,110,,5,15,,10,1,,OK,0.10,N/A,0
227,box,10/3/2014 1:57:27 PM,(ok),00:01:00,OK,0.3,137283,,0.5,8896,,1,1215,,2.5,104,,5,16,,10,1,,OK,0.10,N/A,0
228,box,10/3/2014 1:58:27 PM,(ok),00:01:00,OK,0.3,138087,,0.5,9208,,1,1135,,2.5,108,,5,20,,10,0,,OK,0.10,N/A,0
229,box,10/3/2014 1:59:27 PM,(ok),00:01:00,OK,0.3,137626,,0.5,8868,,1,1177,,2.5,127,,5,30,,10,1,,OK,0.10,N/A,0
230,box,10/3/2014 2:00:27 PM,(ok),00:01:00,OK,0.3,137392,,0.5,9076,,1,1188,,2.5,109,,5,35,,10,2,,OK,0.10,N/A,0
231,box,10/3/2014 2:01:27 PM,(ok),00:01:00,OK,0.3,134597,,0.5,8747,,1,1203,,2.5,125,,5,34,,10,2,,OK,0.10,N/A,0
232,box,10/3/2014 2:02:27 PM,(ok),00:01:00,OK,0.3,133271,,0.5,8999,,1,1259,,2.5,122,,5,29,,10,4,,OK,0.10,N/A,0
233,box,10/3/2014 2:03:27 PM,(ok),00:01:00,OK,0.3,131592,,0.5,8871,,1,1266,,2.5,143,,5,35,,10,1,,OK,0.10,N/A,0
234,box,10/3/2014 2:04:27 PM,(ok),00:01:00,OK,0.3,131306,,0.5,8866,,1,1222,,2.5,133,,5,24,,10,0,,OK,0.10,N/A,0
235,box,10/3/2014 2:05:27 PM,(ok),00:01:00,OK,0.3,130626,,0.5,9029,,1,1270,,2.5,126,,5,31,,10,2,,OK,0.10,N/A,0
236,box,10/3/2014 2:06:27 PM,(ok),00:01:00,OK,0.3,129095,,0.5,8709,,1,1278,,2.5,127,,5,30,,10,1,,OK,0.10,N/A,0
237,box,10/3/2014 2:07:27 PM,(ok),00:01:00,OK,0.3,128721,,0.5,8697,,1,1301,,2.5,123,,5,30,,10,0,,OK,0.10,N/A,0
238,box,10/3/2014 2:08:27 PM,(ok),00:01:00,OK,0.3,125675,,0.5,8717,,1,1321,,2.5,167,,5,35,,10,2,,OK,0.10,N/A,0
239,box,10/3/2014 2:09:27 PM,(ok),00:01:00,OK,0.3,126221,,0.5,8689,,1,1322,,2.5,140,,5,35,,10,3,,OK,0.10,N/A,0
240,box,10/3/2014 2:10:27 PM,(ok),00:01:00,OK,0.3,124436,,0.5,8779,,1,1308,,2.5,128,,5,37,,10,3,,OK,0.10,N/A,0
241,box,10/3/2014 2:11:27 PM,(ok),00:01:00,OK,0.3,123846,,0.5,8615,,1,1302,,2.5,121,,5,29,,10,3,,OK,0.10,N/A,0
242,box,10/3/2014 2:12:27 PM,(ok),00:01:00,OK,0.3,123461,,0.5,8739,,1,1400,,2.5,143,,5,39,,10,1,,OK,0.10,N/A,0
243,box,10/3/2014 2:13:27 PM,(ok),00:01:00,OK,0.3,122694,,0.5,8577,,1,1345,,2.5,145,,5,32,,10,3,,OK,0.10,N/A,0
244,box,10/3/2014 2:14:27 PM,(ok),00:01:00,OK,0.3,120346,,0.5,8625,,1,1393,,2.5,169,,5,30,,10,3,,OK,0.10,N/A,0
245,box,10/3/2014 2:15:27 PM,(ok),00:01:00,OK,0.3,120409,,0.5,8533,,1,1396,,2.5,159,,5,32,,10,1,,OK,0.10,N/A,0
246,box,10/3/2014 2:16:27 PM,(ok),00:01:00,OK,0.3,118543,,0.5,8456,,1,1369,,2.5,136,,5,31,,10,1,,OK,0.10,N/A,0
247,box,10/3/2014 2:17:27 PM,(ok),00:01:00,OK,0.3,117638,,0.5,8500,,1,1359,,2.5,125,,5,34,,10,1,,OK,0.10,N/A,0
248,box,10/3/2014 2:18:27 PM,(ok),00:01:00,OK,0.3,117493,,0.5,8344,,1,1418,,2.5,169,,5,26,,10,1,,OK,0.10,N/A,0
249,box,10/3/2014 2:19:27 PM,(ok),00:01:00,OK,0.3,116413,,0.5,8229,,1,1399,,2.5,172,,5,34,,10,1,,OK,0.10,N/A,0
250,box,10/3/2014 2:20:27 PM,(ok),00:01:00,OK,0.3,115671,,0.5,8386,,1,1397,,2.5,153,,5,32,,10,6,,OK,0.10,N/A,0
251,box,10/3/2014 2:21:27 PM,(ok),00:01:00,OK,0.3,115776,,0.5,8233,,1,1421,,2.5,155,,5,37,,10,3,,OK,0.10,N/A,0
252,box,10/3/2014 2:22:27 PM,(ok),00:01:00,OK,0.3,114100,,0.5,8315,,1,1389,,2.5,181,,5,40,,10,2,,OK,0.10,N/A,0
253,box,10/3/2014 2:23:27 PM,(ok),00:01:00,OK,0.3,112751,,0.5,8256,,1,1470,,2.5,196,,5,36,,10,1,,OK,0.10,N/A,0
254,box,10/3/2014 2:24:27 PM,(ok),00:01:00,OK,0.3,113128,,0.5,8195,,1,1453,,2.5,141,,5,39,,10,1,,OK,0.10,N/A,0
255,box,10/3/2014 2:25:27 PM,(ok),00:01:00,OK,0.3,112392,,0.5,8094,,1,1478,,2.5,181,,5,34,,10,1,,OK,0.10,N/A,0
256,box,10/3/2014 2:26:27 PM,(ok),00:01:00,OK,0.3,112088,,0.5,8267,,1,1427,,2.5,150,,5,39,,10,3,,OK,0.10,N/A,0
257,box,10/3/2014 2:27:27 PM,(ok),00:01:00,OK,0.3,109523,,0.5,7999,,1,1412,,2.5,168,,5,48,,10,1,,OK,0.10,N/A,0
258,box,10/3/2014 2:28:27 PM,(ok),00:01:00,OK,0.3,110961,,0.5,8229,,1,1368,,2.5,189,,5,27,,10,3,,OK,0.10,N/A,0
259,box,10/3/2014 2:29:27 PM,(ok),00:01:00,OK,0.3,109621,,0.5,8124,,1,1518,,2.5,163,,5,34,,10,2,,OK,0.10,N/A,0
260,box,10/3/2014 2:30:27 PM,(ok),00:01:00,OK,0.3,109629,,0.5,8182,,1,1482,,2.5,159,,5,50,,10,1,,OK,0.10,N/A,0
261,box,10/3/2014 2:31:27 PM,(ok),00:01:00,OK,0.3,108522,,0.5,8005,,1,1490,,2.5,180,,5,38,,10,2,,OK,0.10,N/A,0
262,box,10/3/2014 2:32:27 PM,(ok),00:01:00,OK,0.3,108905,,0.5,7964,,1,1473,,2.5,168,,5,41,,10,1,,OK,0.10,N/A,0
263,box,10/3/2014 2:33:27 PM,(ok),00:01:00,OK,0.3,107978,,0.5,7894,,1,1469,,2.5,170,,5,40,,10,0,,OK,0.10,N/A,0
264,box,10/3/2014 2:34:27 PM,(ok),00:01:00,OK,0.3,108215,,0.5,7851,,1,1479,,2.5,157,,5,37,,10,0,,OK,0.10,N/A,0
265,box,10/3/2014 2:35:27 PM,(ok),00:01:00,OK,0.3,108056,,0.5,7819,,1,1450,,2.5,170,,5,35,,10,0,,OK,0.10,N/A,0
266,box,10/3/2014 2:36:27 PM,(ok),00:01:00,OK,0.3,105547,,0.5,7799,,1,1457,,2.5,179,,5,44,,10,5,,OK,0.10,N/A,0
267,box,10/3/2014 2:37:27 PM,(ok),00:01:00,OK,0.3,107502,,0.5,7884,,1,1490,,2.5,147,,5,42,,10,5,,OK,0.10,N/A,0
268,box,10/3/2014 2:38:27 PM,(ok),00:01:00,OK,0.3,107979,,0.5,7823,,1,1435,,2.5,151,,5,33,,10,0,,OK,0.10,N/A,0
269,box,10/3/2014 2:39:27 PM,(ok),00:01:00,OK,0.3,106568,,0.5,7821,,1,1417,,2.5,141,,5,49,,10,2,,OK,0.10,N/A,0
270,box,10/3/2014 2:40:27 PM,(ok),00:01:00,OK,0.3,106440,,0.5,7743,,1,1476,,2.5,158,,5,37,,10,3,,OK,0.10,N/A,0
271,box,10/3/2014 2:41:27 PM,(ok),00:01:00,OK,0.3,106189,,0.5,7768,,1,1478,,2.5,186,,5,43,,10,1,,OK,0.10,N/A,0
272,box,10/3/2014 2:42:27 PM,(ok),00:01:00,OK,0.3,107137,,0.5,7718,,1,1433,,2.5,173,,5,34,,10,3,,OK,0.10,N/A,0
273,box,10/3/2014 2:43:27 PM,(ok),00:01:00,OK,0.3,106211,,0.5,7658,,1,1463,,2.5,185,,5,44,,10,0,,OK,0.10,N/A,0
274,box,10/3/2014 2:44:27 PM,(ok),00:01:00,OK,0.3,105643,,0.5,7673,,1,1405,,2.5,155,,5,45,,10,2,,OK,0.10,N/A,0
275,box,10/3/2014 2:45:27 PM,(ok),00:01:00,OK,0.3,105057,,0.5,7811,,1,1472,,2.5,150,,5,28,,10,2,,OK,0.10,N/A,0
276,box,10/3/2014 2:46:27 PM,(ok),00:01:00,OK,0.3,105485,,0.5,7704,,1,1451,,2.5,158,,5,33,,10,0,,OK,0.10,N/A,0
277,box,10/3/2014 2:47:27 PM,(ok),00:01:00,OK,0.3,105001,,0.5,7868,,1,1439,,2.5,174,,5,40,,10,2,,OK,0.10,N/A,0
278,box,10/3/2014 2:48:27 PM,(ok),00:01:00,OK,0.3,103981,,0.5,7563,,1,1443,,2.5,165,,5,33,,10,3,,OK,0.10,N/A,0
279,box,10/3/2014 2:49:27 PM,(ok),00:01:00,OK,0.3,105126,,0.5,7546,,1,1426,,2.5,170,,5,43,,10,4,,OK,0.10,N/A,0
280,box,10/3/2014 2:50:27 PM,(ok),00:01:00,OK,0.3,104972,,0.5,7659,,1,1381,,2.5,163,,5,33,,10,2,,OK,0.10,N/A,0
281,box,10/3/2014 2:51:27 PM,(ok),00:01:00,OK,0.3,104859,,0.5,7777,,1,1369,,2.5,169,,5,36,,10,1,,OK,0.10,N/A,0
282,box,10/3/2014 2:52:27 PM,(ok),00:01:00,OK,0.3,104003,,0.5,7594,,1,1501,,2.5,165,,5,43,,10,2,,OK,0.10,N/A,0
283,box,10/3/2014 2:53:27 PM,(ok),00:01:00,OK,0.3,103909,,0.5,7504,,1,1375,,2.5,177,,5,31,,10,1,,OK,0.10,N/A,0
284,box,10/3/2014 2:54:27 PM,(ok),00:01:00,OK,0.3,104296,,0.5,7752,,1,1431,,2.5,178,,5,34,,10,2,,OK,0.10,N/A,0
285,box,10/3/2014 2:55:27 PM,(ok),00:01:00,OK,0.3,103925,,0.5,7710,,1,1489,,2.5,141,,5,27,,10,1,,OK,0.10,N/A,0
286,box,10/3/2014 2:56:27 PM,(ok),00:01:00,OK,0.3,103030,,0.5,7534,,1,1471,,2.5,146,,5,41,,10,5,,OK,0.10,N/A,0
287,box,10/3/2014 2:57:27 PM,(ok),00:01:00,OK,0.3,104025,,0.5,7474,,1,1446,,2.5,152,,5,39,,10,4,,OK,0.10,N/A,0
288,box,10/3/2014 2:58:27 PM,(ok),00:01:00,OK,0.3,103339,,0.5,7523,,1,1403,,2.5,161,,5,31,,10,1,,OK,0.10,N/A,0
289,box,10/3/2014 2:59:27 PM,(ok),00:01:00,OK,0.3,103872,,0.5,7558,,1,1374,,2.5,175,,5,51,,10,5,,OK,0.10,N/A,0
290,box,10/3/2014 3:00:27 PM,(ok),00:01:00,OK,0.3,102969,,0.5,7499,,1,1443,,2.5,154,,5,32,,10,1,,OK,0.10,N/A,0
291,box,10/3/2014 3:01:27 PM,(ok),00:01:00,OK,0.3,102996,,0.5,7461,,1,1425,,2.5,144,,5,36,,10,2,,OK,0.10,N/A,0
292,box,10/3/2014 3:02:27 PM,(ok),00:01:00,OK,0.3,101864,,0.5,7517,,1,1483,,2.5,173,,5,40,,10,2,,OK,0.10,N/A,0
293,box,10/3/2014 3:03:27 PM,(ok),00:01:00,OK,0.3,101733,,0.5,7628,,1,1453,,2.5,157,,5,35,,10,4,,OK,0.10,N/A,0
294,box,10/3/2014 3:04:27 PM,(ok),00:01:00,OK,0.3,102903,,0.5,7442,,1,1352,,2.5,144,,5,40,,10,2,,OK,0.10,N/A,0
295,box,10/3/2014 3:05:27 PM,(ok),00:01:00,OK,0.3,101609,,0.5,7423,,1,1428,,2.5,169,,5,30,,10,4,,OK,0.10,N/A,0
296,box,10/3/2014 3:06:27 PM,(ok),00:01:00,OK,0.3,102380,,0.5,7568,,1,1495,,2.5,134,,5,42,,10,1,,OK,0.10,N/A,0
297,box,10/3/2014 3:07:27 PM,(ok),00:01:00,OK,0.3,101899,,0.5,7529,,1,1467,,2.5,173,,5,47,,10,4,,OK,0.10,N/A,0
298,box,10/3/2014 3:08:27 PM,(ok),00:01:00,OK,0.3,101846,,0.5,7508,,1,1451,,2.5,169,,5,28,,10,1,,OK,0.10,N/A,0
299,box,10/3/2014 3:09:27 PM,(ok),00:01:00,OK,0.3,101538,,0.5,7498,,1,1509,,2.5,165,,5,36,,10,3,,OK,0.10,N/A,0
300,box,10/3/2014 3:10:27 PM,(ok),00:01:00,OK,0.3,100366,,0.5,7492,,1,1432,,2.5,171,,5,33,,10,1,,OK,0.10,N/A,0
301,box,10/3/2014 3:11:27 PM,(ok),00:01:00,OK,0.3,101459,,0.5,7607,,1,1429,,2.5,158,,5,29,,10,2,,OK,0.10,N/A,0
302,box,10/3/2014 3:12:27 PM,(ok),00:01:00,OK,0.3,100900,,0.5,7474,,1,1410,,2.5,162,,5,50,,10,3,,OK,0.10,N/A,0
303,box,10/3/2014 3:13:27 PM,(ok),00:01:00,OK,0.3,100876,,0.5,7572,,1,1463,,2.5,160,,5,37,,10,2,,OK,0.10,N/A,0
304,box,10/3/2014 3:14:27 PM,(ok),00:00:52,OK,0.3,88856,,0.5,6543,,1,1255,,2.5,134,,5,25,,10,0,,OK,0.09,N/A,0
